{"stats":{"minecraft:picked_up":{"minecraft:birch_log":8},"minecraft:custom":{"minecraft:jump":5,"minecraft:time_since_rest":2955,"minecraft:leave_game":1,"minecraft:walk_on_water_one_cm":736,"minecraft:sprint_one_cm":4243,"minecraft:play_time":2955,"minecraft:damage_taken":55,"minecraft:time_since_death":2955,"minecraft:walk_one_cm":1404,"minecraft:total_world_time":2955,"minecraft:walk_under_water_one_cm":48,"minecraft:swim_one_cm":3128,"minecraft:fall_one_cm":569,"minecraft:fly_one_cm":332},"minecraft:mined":{"minecraft:birch_log":8}},"DataVersion":3955}