{"stats":{"minecraft:used":{"minecraft:wooden_axe":31,"minecraft:stone_sword":66,"minecraft:stone_pickaxe":34,"minecraft:wooden_pickaxe":8,"minecraft:stone_axe":9,"minecraft:dirt":4,"minecraft:beef":1,"minecraft:crafting_table":3,"minecraft:furnace":1,"minecraft:porkchop":2,"minecraft:cooked_porkchop":4,"minecraft:white_bed":1},"minecraft:broken":{"minecraft:wooden_axe":1},"minecraft:picked_up":{"minecraft:birch_log":18,"minecraft:crafting_table":3,"minecraft:raw_iron":1,"minecraft:andesite":1,"minecraft:leather":9,"minecraft:porkchop":30,"minecraft:white_bed":1,"minecraft:dirt":19,"minecraft:string":3,"minecraft:rotten_flesh":5,"minecraft:beef":17,"minecraft:birch_sapling":1,"minecraft:mutton":5,"minecraft:coal":4,"minecraft:white_wool":3,"minecraft:cobblestone":34,"minecraft:furnace":1},"minecraft:killed":{"minecraft:sheep":3,"minecraft:pig":12,"minecraft:zombie":7,"minecraft:spider":2,"minecraft:cow":9},"minecraft:custom":{"minecraft:time_since_rest":1883,"minecraft:interact_with_furnace":6,"minecraft:sprint_one_cm":57301,"minecraft:damage_taken":530,"minecraft:walk_one_cm":103885,"minecraft:mob_kills":33,"minecraft:damage_dealt":4143,"minecraft:swim_one_cm":3128,"minecraft:interact_with_crafting_table":6,"minecraft:fly_one_cm":9513,"minecraft:crouch_one_cm":267,"minecraft:play_time":23982,"minecraft:sneak_time":145,"minecraft:walk_under_water_one_cm":48,"minecraft:jump":185,"minecraft:leave_game":4,"minecraft:time_since_death":23982,"minecraft:walk_on_water_one_cm":2785,"minecraft:sleep_in_bed":3,"minecraft:total_world_time":23982,"minecraft:fall_one_cm":569},"minecraft:crafted":{"minecraft:cooked_porkchop":5,"minecraft:crafting_table":1,"minecraft:stick":12,"minecraft:wooden_pickaxe":1,"minecraft:stone_pickaxe":1,"minecraft:wooden_axe":1,"minecraft:stone_sword":1,"minecraft:furnace":1,"minecraft:white_bed":1,"minecraft:birch_planks":52,"minecraft:stone_axe":1,"minecraft:air":0},"minecraft:mined":{"minecraft:white_bed":1,"minecraft:furnace":1,"minecraft:birch_log":18,"minecraft:iron_ore":1,"minecraft:birch_leaves":1,"minecraft:andesite":1,"minecraft:crafting_table":3,"minecraft:short_grass":2,"minecraft:grass_block":8,"minecraft:coal_ore":4,"minecraft:dirt":13,"minecraft:stone":34}},"DataVersion":3955}